-- --------------------------------------------------------
-- Host:                         127.0.0.1
-- Versión del servidor:         9.1.0 - MySQL Community Server - GPL
-- SO del servidor:              Win64
-- HeidiSQL Versión:             12.10.0.7000
-- --------------------------------------------------------

/*!40101 SET @OLD_CHARACTER_SET_CLIENT=@@CHARACTER_SET_CLIENT */;
/*!40101 SET NAMES utf8 */;
/*!50503 SET NAMES utf8mb4 */;
/*!40103 SET @OLD_TIME_ZONE=@@TIME_ZONE */;
/*!40103 SET TIME_ZONE='+00:00' */;
/*!40014 SET @OLD_FOREIGN_KEY_CHECKS=@@FOREIGN_KEY_CHECKS, FOREIGN_KEY_CHECKS=0 */;
/*!40101 SET @OLD_SQL_MODE=@@SQL_MODE, SQL_MODE='NO_AUTO_VALUE_ON_ZERO' */;
/*!40111 SET @OLD_SQL_NOTES=@@SQL_NOTES, SQL_NOTES=0 */;

-- Volcando datos para la tabla pisi.administradores: ~1 rows (aproximadamente)
INSERT IGNORE INTO `administradores` (`usuario`, `contraseña`, `nombre_admi`, `apellidos_admi`, `rol`, `foto`, `intentos_fallidos`, `ultimo_intento`) VALUES
	(190039, '$2y$10$143X2Cxv7bPJI4sd7.tR0OsJd/l3QxVDatpnC/Ior1bjcrzaL6/Ay', 'Brando del jesus', 'Euan Paredes', 'Administrador', _binary 0x524946466e0b000057454250565038580a00000018000000450000450000414c50480803000001a084ed9f2149fac5ffdf9a59db7bb66ddbf65e6ddbb66ddbb66ddbb69111f1fb1dba332a3bfa36a78898004c48eeee015612ccdccd42413098bb8f566b08e66eee287433778361e4301a8eb0d34e5bddf6d2f1680f53cfbdfc1a6b2c3bdb14689ffcca17afd860ff4d60a1b3005ca9114fc4542bedb9c3229b5ef6caef1a9e7f7ce6ccd597da6b87a506c2dd1a711f20746498ff7ea598628abaf943b53367aafda947f47f8aa951bc6c06846ee06f29929498a418634e3171e49c62ca31262989a272d235b04e0cb3fecb2c4a145316498ad488a4383c25911295f4113a75c779caa48693a2baa4485192486a57f47b2f0660caa4ac8a93de05805064e8dbe6f44bff16590fa96fce39654d201404ccf09224515553926ee843d17dfa2f268a35518cb1d171f0360c7da124aa7652510fc2da0c87298aac8f491b9400784f4963b0d10d30143a3610c9da98f5d39c65e8c3c58af545ed807e94064cfd95b2aa4b7a0ce58e7315553f93b6851718e691c8eaa8acaf264168731ca546f5898cda10de66b847891a038a3aa2ec89b121469d5a76bd22591fd568df12c7b6fa5f646d24931687b5054cfc99fecb226ba298ffd33d0828342cf2ab24aa6a4a7a63da321866bdf89324d644fdf7f6d1e36128376053e5cafe9e1330f46a785c4955479d893ef4ee1f2a89ac85d4ffba15d69be37065aa1e656903786f004e13a96aa9bc1d02ba3d5e89b5306b3338ba0c98f523e59a1e1840a78e6dd5a85e528bc3bad95c91ac8554335f3786b91a51d5647d3a848efb3f52662d8aba0da11bc34d8aaa958d0e405f377dd8470dabc95a05de8d610565b20e527fcc80d04dc0b47f28e5d83429536417a49863d3c4dce825741e709b5a73cc14c91292628a54eb21f0ee66bcefb777ae3dfdbc07bf979463cc24459222996394a4cf6e3febcc5b3ff9e5fc7e741f80490d00265fedec0f353c354d8c3136316bf8ab472d310400031361544300cc3d00185cea88877f5029bfbc73cf790120b807c046a53db803c0e4f36fbcc7b1675f74e19947eeb4eeec1301801b6a370fe8d1dc303683799fbb99f7f5b9054cb00e565038207e070000b025009d012a460046003e61268e462421a1212e18ba48800c096a00d0c9f23bdff01f8c1cdafc6310675ef32739edb5bfacdea03f56bf68fda23d507a007f44febbd601e801e57ffb81f059fb49fb5df00ffb0fffdb200381df075e58f5fbd3531cfd175ff7fa2fcaef4b7bdff7df928fef9f301f30bd72ed0a98ef502f5f7e5dfe63f2cffb1738ff557fc07a91fe75fee3d4cff11e00de0dfdd3f203e803f967f53ff95f701f49ffc57fcdfef7e6bfe77ff89fe0be013f91ff4fff5dfdeff24fe70bd79fecdfb19feb6b11d66e4e5340e8d0837d7a761d4900de2050fd7d744659a98c7bbc1d014decef9169f9a27975fd7d1f8ebc7601882495d9099209da80155f6e291b0adfeb4695b6788cf998c3a4eec591af2badb2bc7dbf0b21b1daa3bfd9b24ffe01dbd3d7f1c8f32178944a8abbe6440000fefda6dcfff855d1805c9bd9000a29aefb00c002cf1c5254cca8d9009d90910f3b885db45f7a2061181731635509b5f2807c717ed17862ab77d3f216a8bafddd065c44f8ad163a912a55ea5e2dc596def78a229e82091631686ab0d70719b9ce3120f10edf2b41ce98d68aa89de718330d3729601c7483caeba490aa59c6dc043969645f54ef7cfa78c0144a86088994cfda1d3e0e32ffeddb68e85d1cffc84024876edc4518fe1b6de6d42168aa43a175ed5585d5949fdc490bfc10a399fc8591062ab2097e369de8cb57bf6403126c2fe55111d8cf81b7fb992cc12a5b26f97859294b7c9c18f73069d13159594959c19f908c71d500009acbd75d6fdc84dba5943f22c44b06e3dda1e622cbbc1a9232b977ff1dbfc7327f13b75f999d3f324a731ff5d19c3e01269183571189ec321b2878d8a62ea86fc08cd32a999311b0b6c1b529ce01e3bdb3da6ad2027a3b201ef71f1adbe8481a79329ef30d1f30c4ab72934cf4ee02e4fdb8b9f7538767641ff468ddc8a59a64f35b6cb9dd8dcafdfc46d9fc16a51f128e8c50856808880e40b57f6bfca9684c0001114fe371bfd7c2354ee7f6f94c23c1e0cabdf54bb6d815c7b8368f634013b112f7f01437f7015597514943dcaefdf0adad057a8622994562536a197831463fdfcd6f33fee167c61ede96217dfbb15b96eb5e841325bea25a15caa1be92a38426941b1984d84a19952d53ce6953f0ad70bf4feba11c40055bb8ce80c2f69f17814153ff74c62580d67174e58a74882ada42286422a3fd6b149537b1860296773a740ea3b24461656b3a021e6e3505be66b4f2ac25bd3bc1676e3720dfa0eee0aaa9d08288acf77afe5219f0dd3b50ed17f61b59f4d82b69f9ae0949eba9cff73122c4611604b7d05c21483bccb52ea2098b3b7d93cc51697f14b8d877f968c9549e60384a8be45ca3351b6ab32e4254b2cdd842171ba84dd25f178e9ae2b5f4a04527ef99c6dc63e4a84d701a0579fad4e98cfc3a0867a17cea4f9d4a9b081d59fc307779efffb6a22efe7c469cc145842e9e3c9e571160d66cfed09e97501a76626726ecfceab3fb96554dcbd7ffa19ec7c39d4ae35143b1d966c042f215f3aaa27936a9fb7cfc3c0162473f84c0eab177cbb6c232204c2b1189ccacd861b4ceb8d74c8bc10d1c39e261c80ba030afc013ec1e02f16f9fbb84ace375fe7f387005f0c97784ef75a640fbae5910a0aa4e722ace81a38bd3f842d20b78fffeb76fefb4665a30ac3a9d2946429a0e5e2642d31469de09866e7ba560ae6b3fa1579e8bbd4a1921fff8f46ab41811f6f230a6f31f2728d93ecd91946535597414a043f373c1176bcdbd43d14eb1fa5baf1b201c562760991b4f8e3506b41326dbf9608b7da145c8d3cf24d3f4df38420d0e78a00d93e17eeca6602709e744563064a0b50e0587a2294fbbd18454ab33f94ae2a08b80882ad3adcd2efb905a0f85098f8c05f7e069f261b7d7a4f33ee181d13739b7b56c9f3d16e1a1303fe970cf269063caf20825e655272a68a1cd4ec81dd5e47e878516374b2574c80c497260b2b969415524d8d37ce1e29e74c1a38972bfde75d023625627d6a7231b6ffb54c5baf4e3882917cccfe92401cc1e02d62281ecfaccdefd5a98ec0850438adcdfb95eae1ff353fb45dfc1c8956f3db012ab9ccf5b2aab26feba85468427cd0cb10b6b6673d30685371c3b30896fe4e0c630929a2bd6a1d2b7105f857f7ad2e087d7fa77d67d590d0c3c1091ca769e95d8b849c7d2130fad97b5d96ff4b2c9b9a9d6a37acd3221d0181dbbe18e9fec7a2955e87ffdc617ffffda600bcd7530f98e9ee3157fa1a1503e630e5ea907ca65886e4459c4a2b39ad974e22359ffb9c1a367ba01acf47624e26fe595d13f112152dd43bb7abf58be29d3a2686da344a364438589dd8e01977654e5fcb7f456cf2d8b8582b7ea42b8ca69e2956a6cb2a805065b30e1d0b43ce8a155d071087a5fdfc134eb02269657bd82cf8ae5fe81bfe214fbd4376d3827b86f2b39e7394338a6736e7da8ace3767f3e1411a38855f972727c586e5dc4c6d3b446a8e1a67420c5f09bfe142b54c5a560f63f46de055651cc45d4606ef887f144065338a9a11576d0124297d21a8361c048b3d8782f2881800627ac7358100107464b37ce83513f3da204590b41943f263a73de9a0ca118b7ff1ea3aaeba5e4b185787940f30e1fdc1148a6c4b9fec965b5c2f1925fd03c1e77cd29b17a99e23fc0868000000045584946ba00000045786966000049492a000800000006001201030001000000010000001a01050001000000560000001b010500010000005e0000002801030001000000020000001302030001000000010000006987040001000000660000000000000048000000010000004800000001000000060000900700040000003032313001910700040000000102030000a00700040000003031303001a0030001000000ffff000002a00400010000004600000003a00400010000004600000000000000, 0, '2025-09-24 23:37:39');

-- Volcando datos para la tabla pisi.alumnos: ~13 rows (aproximadamente)
INSERT IGNORE INTO `alumnos` (`matricula_alum`, `nombres_alum`, `ape_materno_alum`, `ape_paterno_alum`, `edad_alum`, `sexo`, `correo_alum`, `fe_nacimiento_alum`, `id_carrera`, `id_facultad`, `idestres_cisco`) VALUES
	(122345, 'PEDRO', 'MARTINEZ', 'SOLA', 25, 'MASCULINO', '122345@mail.unacar.mx', '2000-07-12', 23, 6, NULL),
	(123456, 'MARCOS', 'TUZ', 'TUZ', 25, 'MASCULINO', '123456@mail.unacar.mx', '2000-07-24', 3, 2, NULL),
	(161755, 'SHEYLA PATRICIA', 'RODRIGUEZ', 'PEREZ', 24, 'FEMENINO', '161755@mail.unacar.mx', '2001-03-17', 3, 2, NULL),
	(190014, 'NICOLAS', 'PEREZ', 'PEREZ', 24, 'MASCULINO', '190014@mail.unacar.mx', '2000-07-05', 24, 6, NULL),
	(190015, 'JUAN', 'LOPEZ', 'VARGAS', 24, 'MASCULINO', '190015@mail.unacar.mx', '2000-07-05', 10, 3, NULL),
	(190039, 'BRANDO DEL JESUS', 'PAREDES', 'EUAN', 25, 'MASCULINO', '190039@MAIL.UNACAR.MX', '1999-10-19', 3, 2, NULL),
	(190040, 'JOSE ALONSO', 'GUTIERREZ', 'RAMIREZ', 25, 'MASCULINO', '190040@MAIL.UNACAR.MX', '1999-09-19', 2, 1, NULL),
	(190080, 'JULIO ANTONIO', 'CARRILLO', 'SIERRA', 27, 'MASCULINO', '190080@mail.unacar.mx', '1997-07-16', 21, 5, NULL),
	(190089, 'RICARDO', 'LOPEZ', 'PEREZ', 26, 'MASCULINO', '190089@mail.unacar.mx', '1998-06-09', 12, 4, NULL),
	(190099, 'VALENTIN', 'PAREDES', 'LOPEZ', 26, 'MASCULINO', '190099@mail.unacar.mx', '1998-06-09', 16, 4, NULL),
	(191263, 'PABLO', 'GANDARA', 'HERNANDEZ', 24, 'MASCULINO', '191263@MAIL.UNACAR.MX', '2000-07-24', 3, 2, NULL),
	(212001, 'SAMANTA GUADALUPE', 'LOPEZ', 'MORENO', 25, 'FEMENINO', '212001@mail.unacar.mx', '2000-03-18', 28, 8, NULL),
	(250206, 'OSCAR ALEJANDRO', 'MARTINEZ', 'PEREZ', 23, 'MASCULINO', '250206@mail.unacar.mx', '2001-06-20', 9, 3, NULL);

-- Volcando datos para la tabla pisi.ansiedad: ~0 rows (aproximadamente)

-- Volcando datos para la tabla pisi.apgar: ~0 rows (aproximadamente)

-- Volcando datos para la tabla pisi.autoactualizacion: ~9 rows (aproximadamente)
INSERT IGNORE INTO `autoactualizacion` (`id_actualizacion`, `id_cuestionario`, `p3`, `p8`, `p9`, `p12`, `p16`, `p17`, `p21`, `p23`, `p29`, `p34`, `p37`, `p44`, `p48`, `total_autoactualizacion`, `saludable_autoactualizacion`) VALUES
	(1, 1, 4, 4, 4, 4, 4, 4, 4, 4, 4, 4, 4, 4, 4, 52, 'Saludable'),
	(2, 6, 2, 2, 2, 2, 2, 2, 2, 2, 2, 2, 2, 2, 2, 26, 'No Saludable'),
	(6, 16, 4, 4, 4, 4, 4, 4, 4, 4, 4, 4, 4, 4, 4, 52, 'Saludable'),
	(7, 17, 4, 4, 4, 4, 4, 4, 4, 4, 4, 4, 4, 4, 4, 52, 'Saludable'),
	(8, 18, 1, 2, 1, 2, 2, 1, 1, 1, 1, 2, 1, 2, 2, 19, 'No Saludable'),
	(9, 19, 4, 4, 4, 4, 4, 4, 4, 4, 4, 4, 4, 4, 4, 52, 'Saludable'),
	(10, 20, 4, 4, 4, 4, 4, 4, 4, 4, 4, 4, 4, 4, 4, 52, 'Saludable'),
	(0, 1, 2, 2, 2, 3, 3, 3, 3, 4, 2, 3, 3, 3, 2, 35, 'Saludable'),
	(0, 2, 4, 4, 4, 4, 3, 3, 3, 4, 4, 4, 4, 4, 3, 48, 'Saludable');

-- Volcando datos para la tabla pisi.carrera: ~29 rows (aproximadamente)
INSERT IGNORE INTO `carrera` (`id_carrera`, `nombre_carrera`, `id_facultad`) VALUES
	(1, 'DERECHO', 1),
	(2, 'CRIMINOLOGÍA CRIMINALÍSTICA', 1),
	(3, 'INGENIERÍA EN SISTEMAS COMPUTACIONALES', 2),
	(4, 'INGENIERÍA EN DISEÑO MULTIMEDIA', 2),
	(5, 'INGENIERÍA EN TECNOLOGÍAS DE CÓMPUTO Y COMUNICACIONES ', 2),
	(6, 'ADMINISTRACIÓN DE EMPRESAS', 3),
	(7, 'CONTADURÍA', 3),
	(8, 'ADMINISTRACIÓN TURÍSTICA', 3),
	(9, 'MERCADOTECNIA', 3),
	(10, 'NEGOCIOS INTERNACIONALES', 3),
	(11, 'INGENIERÍA EN MECATRÓNICA', 4),
	(12, 'INGENIERÍA CIVIL', 4),
	(13, 'INGENIERÍA MECÁNICA', 4),
	(14, 'INGENIERÍA GEOFÍSICA ', 4),
	(15, 'INGENIERÍA EN ENERGÍA', 4),
	(16, 'ARQUITECTURA SUSTENTABLE', 4),
	(17, 'EDUCACIÓN FÍSICA Y DEPORTE', 5),
	(18, 'ENFERMERÍA', 5),
	(19, 'NUTRICIÓN', 5),
	(20, 'PSICOLOGÍA', 5),
	(21, 'FISIOTERAPIA', 5),
	(22, 'MEDICINA', 5),
	(23, 'EDUCACIÓN', 6),
	(24, 'LENGUA INGLESA', 6),
	(25, 'COMUNICACIÓN Y GESTIÓN CULTURAL', 6),
	(26, 'BIOLOGÍA MARINA', 7),
	(27, 'LICENCIATURA EN INGENIERÍA QUÍMICA', 8),
	(28, 'LICENCIATURA EN INGENIERÍA PETROLERA', 8),
	(29, 'LICENCIATURA EN INGENIERÍA GEOLÓGICA', 8);

-- Volcando datos para la tabla pisi.dass: ~5 rows (aproximadamente)
INSERT IGNORE INTO `dass` (`id_cuestionario`, `matricula_alum`, `total_depresion`, `total_ansiedad`, `total_estres`, `total_general`) VALUES
	(3, 190015, 42, 42, 42, 126),
	(4, 250206, 42, 42, 42, 126),
	(5, 212001, 42, 42, 42, 126),
	(1, 123456, 22, 26, 22, 70),
	(0, 122345, 36, 34, 40, 110);

-- Volcando datos para la tabla pisi.dass_ansiedad: ~5 rows (aproximadamente)
INSERT IGNORE INTO `dass_ansiedad` (`id`, `id_cuestionario`, `p2`, `p4`, `p7`, `p9`, `p15`, `p19`, `p20`, `total_ansiedad`, `severidad`) VALUES
	(1, 3, 3, 3, 3, 3, 3, 3, 3, 42, 'Extremadamente Sever'),
	(2, 4, 3, 3, 3, 3, 3, 3, 3, 42, 'Extremadamente Severo'),
	(3, 5, 3, 3, 3, 3, 3, 3, 3, 42, 'Extremadamente Severo'),
	(0, 0, 3, 0, 1, 2, 2, 3, 2, 26, 'Extremadamente Severo'),
	(0, 0, 2, 3, 3, 2, 2, 2, 3, 34, 'Extremadamente Severo');

-- Volcando datos para la tabla pisi.dass_depresion: ~5 rows (aproximadamente)
INSERT IGNORE INTO `dass_depresion` (`id`, `id_cuestionario`, `p3`, `p5`, `p10`, `p13`, `p16`, `p17`, `p21`, `total_depresion`, `severidad`) VALUES
	(1, 3, 3, 3, 3, 3, 3, 3, 3, 42, 'Extremadamente Sever'),
	(2, 4, 3, 3, 3, 3, 3, 3, 3, 42, 'Extremadamente Severo'),
	(3, 5, 3, 3, 3, 3, 3, 3, 3, 42, 'Extremadamente Severo'),
	(0, 0, 2, 1, 2, 2, 1, 1, 2, 22, 'Severo'),
	(0, 0, 2, 3, 3, 3, 2, 3, 2, 36, 'Extremadamente Severo');

-- Volcando datos para la tabla pisi.dass_estres: ~5 rows (aproximadamente)
INSERT IGNORE INTO `dass_estres` (`id`, `id_cuestionario`, `p1`, `p6`, `p8`, `p11`, `p12`, `p14`, `p18`, `total_estres`, `severidad`) VALUES
	(1, 3, 3, 3, 3, 3, 3, 3, 3, 42, 'Extremadamente Sever'),
	(2, 4, 3, 3, 3, 3, 3, 3, 3, 42, 'Extremadamente Severo'),
	(3, 5, 3, 3, 3, 3, 3, 3, 3, 42, 'Extremadamente Severo'),
	(0, 0, 3, 2, 1, 2, 1, 2, 0, 22, 'Moderado'),
	(0, 0, 3, 3, 2, 3, 3, 3, 3, 40, 'Extremadamente Severo');

-- Volcando datos para la tabla pisi.datos_fisicos_alumnos: ~7 rows (aproximadamente)
INSERT IGNORE INTO `datos_fisicos_alumnos` (`matricula_alum`, `iddatos_fisicos_alumno`, `cintura`, `cadera`, `clasificacion_cintura_cadera`, `icc`, `clasificacion_de_icc`, `peso`, `talla`, `imc`, `clasificacion_imc`, `mb`, `get1`, `porcentaje_masa_grasa`, `valor_ideal_porcentaje_grasa`, `clasificacion_porcentaje_grasa`, `masa_magra`, `agua_total`, `porcentaje_agua_total`, `glucosa`, `clasificacion_glucosa`, `trigliceridos`, `clasificacion_trigliceridos`, `colesterol`, `clasificacion_colesterol`, `tension_arterial`, `clasificacion_tension_arterial`, `fecha`) VALUES
	(191263, 4, 90.00, 120.00, 'Riesgo Bajo', 0.75, '0', 90.00, 120.00, 62.50, '0', 90.00, 108.00, 120.00, '90', '0', 90.00, 120.00, 133.33, 75.00, 'Normal', 180.00, 'Limite Alto', 120.00, 'Optimo', '180/120', '0', '0000-00-00'),
	(191263, 5, 90.00, 120.00, 'Riesgo Bajo', 0.75, 'Ginecoide', 90.00, 120.00, 62.50, 'Obesidad grado 3 (mórbida)', 45.00, 54.00, 152.00, '90', 'Arriba Recomendado', 120.00, 45.00, 50.00, 75.00, 'Normal', 90.00, 'Normal', 120.00, 'Optimo', '120/80', 'Normal', '2025-03-11'),
	(191263, 6, 120.00, 120.00, 'Riesgo Alto', 1.00, 'Androide', 90.00, 120.00, 62.50, 'Obesidad grado 3 (mórbida)', 0.00, 0.00, 150.00, '45', 'Arriba Recomendado', 50.00, 90.00, 100.00, 120.00, 'Glucosa Alterada (Pre-diabetes)', 800.00, 'Muy Alto', 999.99, 'Alto', '200/500', 'Hipertensión Grado 2', '2025-03-11'),
	(191263, 7, 90.00, 120.00, 'Riesgo Bajo', 0.75, 'Ginecoide', 90.00, 176.00, 29.05, 'Sobrepeso', 13.00, 15.60, 34.00, '123/23', 'Arriba Recomendado', 123.00, 87.00, 96.67, 120.00, 'Glucosa Alterada (Pre-diabetes)', 120.00, 'Normal', 120.00, 'Optimo', '120/80', 'Normal', '2025-03-11'),
	(190040, 8, 90.00, 90.00, 'Riesgo Alto', 1.00, 'Androide', 80.00, 175.00, 26.12, 'Sobrepeso', 45.00, 54.00, 34.00, '56', 'Arriba Recomendado', 65.00, 5.00, 6.25, 23.00, 'Normal', 5.00, 'Normal', 66.00, 'Optimo', '28/4', 'Hipotensión', '2025-03-18'),
	(190039, 9, 90.00, 90.00, 'Riesgo Alto', 1.00, 'Androide', 80.00, 163.00, 30.11, 'Obesidad grado 1', 30.00, 36.00, 20.00, '20', 'Recomendado', 21.00, 21.00, 26.25, 21.00, 'Normal', 21.00, 'Normal', 21.00, 'Optimo', '28/4', 'Hipotensión', '2025-04-26'),
	(191263, 0, 25.00, 45.00, 'Riesgo Bajo', 0.56, 'Ginecoide', 50.00, 176.00, 16.14, 'Peso insuficiente', 120.00, 144.00, 452.00, '12', 'Arriba Recomendado', 12.00, 12.00, 24.00, 150.00, 'DM', 75.00, 'Normal', 50.00, 'Optimo', '180/120', 'Hipertensión Grado 2', '2025-09-24');

-- Volcando datos para la tabla pisi.datos_fisicos_maestros: ~0 rows (aproximadamente)

-- Volcando datos para la tabla pisi.depresion: ~0 rows (aproximadamente)

-- Volcando datos para la tabla pisi.ejercicio: ~9 rows (aproximadamente)
INSERT IGNORE INTO `ejercicio` (`id_ejercicio`, `id_cuestionario`, `p4`, `p13`, `p22`, `p30`, `p38`, `total_ejercicio`, `saludable_ejercicio`) VALUES
	(1, 1, 4, 4, 4, 4, 4, 20, 'Saludable'),
	(6, 6, 2, 2, 2, 2, 2, 10, 'No Saludable'),
	(14, 16, 4, 4, 4, 4, 4, 20, 'Saludable'),
	(15, 17, 4, 4, 4, 4, 4, 20, 'Saludable'),
	(16, 18, 2, 1, 2, 2, 2, 9, 'No Saludable'),
	(17, 19, 4, 4, 4, 4, 4, 20, 'Saludable'),
	(18, 20, 4, 4, 4, 4, 4, 20, 'Saludable'),
	(0, 1, 2, 2, 2, 4, 3, 13, 'No Saludable'),
	(0, 2, 2, 4, 4, 3, 3, 16, 'Saludable');

-- Volcando datos para la tabla pisi.estilo_de_vida: ~2 rows (aproximadamente)
INSERT IGNORE INTO `estilo_de_vida` (`id_cuestionario`, `matricula_alum`, `fecha`, `total`, `estado_saludable`) VALUES
	(1, 123456, '0000-00-00', 119, 'No Saludable'),
	(2, 122345, '0000-00-00', 161, 'Saludable');

-- Volcando datos para la tabla pisi.estres: ~0 rows (aproximadamente)

-- Volcando datos para la tabla pisi.estres_cisco: ~31 rows (aproximadamente)
INSERT IGNORE INTO `estres_cisco` (`idestres_cisco`, `pre_inicial`, `pre_2`, `p1`, `p2`, `p3`, `p4`, `p5`, `p6`, `p7`, `p8`, `p9`, `p10`, `p11`, `p12`, `p13`, `p14`, `p15`, `p16`, `p17`, `p18`, `p19`, `p20`, `p21`, `p22`, `p23`, `p24`, `p25`, `p26`, `p27`, `p28`, `p29`, `p30`, `p31`, `p32`, `p33`, `p34`, `p35`, `p36`, `p37`, `p38`, `p39`, `p40`, `p41`, `p42`, `p43`, `p44`, `p45`) VALUES
	(1, '', 2, 'nunca', 'nunca', 'rara vez', 'casi nunca', 'nunca', 'siempre', 'rara vez', 'algunas veces', 'nunca', 'siempre', 'rara vez', 'algunas veces', 'nunca', 'siempre', 'rara vez', 'casi nunca', 'algunas veces', 'nunca', 'siempre', 'rara vez', 'algunas veces', 'nunca', 'casi siempre', 'rara vez', 'casi nunca', 'casi nunca', 'nunca', 'siempre', 'rara vez', 'casi siempre', 'rara vez', 'nunca', 'nunca', 'casi nunca', 'siempre', 'casi nunca', 'algunas veces', 'rara vez', 'rara vez', 'rara vez', 'casi nunca', 'siempre', 'algunas veces', 'siempre', 'casi nunca'),
	(2, 'Si', 4, 'casi nunca', 'casi nunca', 'siempre', 'casi siempre', 'casi siempre', 'casi nunca', 'casi nunca', 'casi siempre', 'algunas veces', 'rara vez', 'casi nunca', 'casi nunca', 'casi siempre', 'rara vez', 'algunas veces', 'rara vez', 'nunca', 'casi siempre', 'algunas veces', 'siempre', 'casi nunca', 'rara vez', 'nunca', 'casi siempre', 'algunas veces', 'casi nunca', 'casi siempre', 'casi nunca', 'rara vez', 'algunas veces', 'casi nunca', 'rara vez', 'siempre', 'algunas veces', 'casi nunca', 'casi nunca', 'casi siempre', 'casi nunca', 'siempre', 'casi nunca', 'casi siempre', 'algunas veces', 'nunca', 'siempre', 'casi siempre'),
	(3, '', NULL, NULL, NULL, NULL, NULL, NULL, NULL, NULL, NULL, NULL, NULL, NULL, NULL, NULL, NULL, NULL, NULL, NULL, NULL, NULL, NULL, NULL, NULL, NULL, NULL, NULL, NULL, NULL, NULL, NULL, NULL, NULL, NULL, NULL, NULL, NULL, NULL, NULL, NULL, NULL, NULL, NULL, NULL, NULL, NULL, NULL),
	(4, '', NULL, 'N/A', 'N/A', 'N/A', 'N/A', 'N/A', 'N/A', 'N/A', 'N/A', 'N/A', 'N/A', 'N/A', 'N/A', 'N/A', 'N/A', 'N/A', 'N/A', 'N/A', 'N/A', 'N/A', 'N/A', 'N/A', 'N/A', 'N/A', 'N/A', 'N/A', 'N/A', 'N/A', 'N/A', 'N/A', 'N/A', 'N/A', 'N/A', 'N/A', 'N/A', 'N/A', 'N/A', 'N/A', 'N/A', 'N/A', 'N/A', 'N/A', 'N/A', 'N/A', 'N/A', 'N/A'),
	(5, 'No especificado', 0, 'N/A', 'N/A', 'N/A', 'N/A', 'N/A', 'N/A', 'N/A', 'N/A', 'N/A', 'N/A', 'N/A', 'N/A', 'N/A', 'N/A', 'N/A', 'N/A', 'N/A', 'N/A', 'N/A', 'N/A', 'N/A', 'N/A', 'N/A', 'N/A', 'N/A', 'N/A', 'N/A', 'N/A', 'N/A', 'N/A', 'N/A', 'N/A', 'N/A', 'N/A', 'N/A', 'N/A', 'N/A', 'N/A', 'N/A', 'N/A', 'N/A', 'N/A', 'N/A', 'N/A', 'N/A'),
	(6, 'No especificado', 4, 'casi nunca', 'nunca', 'nunca', 'casi siempre', 'siempre', 'casi siempre', 'nunca', 'rara vez', 'algunas veces', 'casi nunca', 'casi nunca', 'casi nunca', 'casi siempre', 'algunas veces', 'algunas veces', 'nunca', 'siempre', 'rara vez', 'rara vez', 'nunca', 'casi siempre', 'algunas veces', 'nunca', 'casi siempre', 'casi nunca', 'casi siempre', 'casi siempre', 'rara vez', 'casi nunca', 'casi siempre', 'casi nunca', 'siempre', 'casi nunca', 'nunca', 'algunas veces', 'algunas veces', 'casi nunca', 'algunas veces', 'casi siempre', 'casi nunca', 'casi nunca', 'casi siempre', 'rara vez', 'casi siempre', 'rara vez'),
	(7, '', NULL, 'N/A', 'N/A', 'N/A', 'N/A', 'N/A', 'N/A', 'N/A', 'N/A', 'N/A', 'N/A', 'N/A', 'N/A', 'N/A', 'N/A', 'N/A', 'N/A', 'N/A', 'N/A', 'N/A', 'N/A', 'N/A', 'N/A', 'N/A', 'N/A', 'N/A', 'N/A', 'N/A', 'N/A', 'N/A', 'N/A', 'N/A', 'N/A', 'N/A', 'N/A', 'N/A', 'N/A', 'N/A', 'N/A', 'N/A', 'N/A', 'N/A', 'N/A', 'N/A', 'N/A', 'N/A'),
	(8, '', NULL, 'N/A', 'N/A', 'N/A', 'N/A', 'N/A', 'N/A', 'N/A', 'N/A', 'N/A', 'N/A', 'N/A', 'N/A', 'N/A', 'N/A', 'N/A', 'N/A', 'N/A', 'N/A', 'N/A', 'N/A', 'N/A', 'N/A', 'N/A', 'N/A', 'N/A', 'N/A', 'N/A', 'N/A', 'N/A', 'N/A', 'N/A', 'N/A', 'N/A', 'N/A', 'N/A', 'N/A', 'N/A', 'N/A', 'N/A', 'N/A', 'N/A', 'N/A', 'N/A', 'N/A', 'N/A'),
	(9, NULL, NULL, 'N/A', 'N/A', 'N/A', 'N/A', 'N/A', 'N/A', 'N/A', 'N/A', 'N/A', 'N/A', 'N/A', 'N/A', 'N/A', 'N/A', 'N/A', 'N/A', 'N/A', 'N/A', 'N/A', 'N/A', 'N/A', 'N/A', 'N/A', 'N/A', 'N/A', 'N/A', 'N/A', 'N/A', 'N/A', 'N/A', 'N/A', 'N/A', 'N/A', 'N/A', 'N/A', 'N/A', 'N/A', 'N/A', 'N/A', 'N/A', 'N/A', 'N/A', 'N/A', 'N/A', 'N/A'),
	(10, NULL, NULL, 'N/A', 'N/A', 'N/A', 'N/A', 'N/A', 'N/A', 'N/A', 'N/A', 'N/A', 'N/A', 'N/A', 'N/A', 'N/A', 'N/A', 'N/A', 'N/A', 'N/A', 'N/A', 'N/A', 'N/A', 'N/A', 'N/A', 'N/A', 'N/A', 'N/A', 'N/A', 'N/A', 'N/A', 'N/A', 'N/A', 'N/A', 'N/A', 'N/A', 'N/A', 'N/A', 'N/A', 'N/A', 'N/A', 'N/A', 'N/A', 'N/A', 'N/A', 'N/A', 'N/A', 'N/A'),
	(11, NULL, NULL, 'N/A', 'N/A', 'N/A', 'N/A', 'N/A', 'N/A', 'N/A', 'N/A', 'N/A', 'N/A', 'N/A', 'N/A', 'N/A', 'N/A', 'N/A', 'N/A', 'N/A', 'N/A', 'N/A', 'N/A', 'N/A', 'N/A', 'N/A', 'N/A', 'N/A', 'N/A', 'N/A', 'N/A', 'N/A', 'N/A', 'N/A', 'N/A', 'N/A', 'N/A', 'N/A', 'N/A', 'N/A', 'N/A', 'N/A', 'N/A', 'N/A', 'N/A', 'N/A', 'N/A', 'N/A'),
	(12, NULL, NULL, 'N/A', 'N/A', 'N/A', 'N/A', 'N/A', 'N/A', 'N/A', 'N/A', 'N/A', 'N/A', 'N/A', 'N/A', 'N/A', 'N/A', 'N/A', 'N/A', 'N/A', 'N/A', 'N/A', 'N/A', 'N/A', 'N/A', 'N/A', 'N/A', 'N/A', 'N/A', 'N/A', 'N/A', 'N/A', 'N/A', 'N/A', 'N/A', 'N/A', 'N/A', 'N/A', 'N/A', 'N/A', 'N/A', 'N/A', 'N/A', 'N/A', 'N/A', 'N/A', 'N/A', 'N/A'),
	(13, 'No', 0, 'N/A', 'N/A', 'N/A', 'N/A', 'N/A', 'N/A', 'N/A', 'N/A', 'N/A', 'N/A', 'N/A', 'N/A', 'N/A', 'N/A', 'N/A', 'N/A', 'N/A', 'N/A', 'N/A', 'N/A', 'N/A', 'N/A', 'N/A', 'N/A', 'N/A', 'N/A', 'N/A', 'N/A', 'N/A', 'N/A', 'N/A', 'N/A', 'N/A', 'N/A', 'N/A', 'N/A', 'N/A', 'N/A', 'N/A', 'N/A', 'N/A', 'N/A', 'N/A', 'N/A', 'N/A'),
	(14, 'No', 0, 'N/A', 'N/A', 'N/A', 'N/A', 'N/A', 'N/A', 'N/A', 'N/A', 'N/A', 'N/A', 'N/A', 'N/A', 'N/A', 'N/A', 'N/A', 'N/A', 'N/A', 'N/A', 'N/A', 'N/A', 'N/A', 'N/A', 'N/A', 'N/A', 'N/A', 'N/A', 'N/A', 'N/A', 'N/A', 'N/A', 'N/A', 'N/A', 'N/A', 'N/A', 'N/A', 'N/A', 'N/A', 'N/A', 'N/A', 'N/A', 'N/A', 'N/A', 'N/A', 'N/A', 'N/A'),
	(15, 'No', NULL, 'N/A', 'N/A', 'N/A', 'N/A', 'N/A', 'N/A', 'N/A', 'N/A', 'N/A', 'N/A', 'N/A', 'N/A', 'N/A', 'N/A', 'N/A', 'N/A', 'N/A', 'N/A', 'N/A', 'N/A', 'N/A', 'N/A', 'N/A', 'N/A', 'N/A', 'N/A', 'N/A', 'N/A', 'N/A', 'N/A', 'N/A', 'N/A', 'N/A', 'N/A', 'N/A', 'N/A', 'N/A', 'N/A', 'N/A', 'N/A', 'N/A', 'N/A', 'N/A', 'N/A', 'N/A'),
	(16, 'No', 0, 'N/A', 'N/A', 'N/A', 'N/A', 'N/A', 'N/A', 'N/A', 'N/A', 'N/A', 'N/A', 'N/A', 'N/A', 'N/A', 'N/A', 'N/A', 'N/A', 'N/A', 'N/A', 'N/A', 'N/A', 'N/A', 'N/A', 'N/A', 'N/A', 'N/A', 'N/A', 'N/A', 'N/A', 'N/A', 'N/A', 'N/A', 'N/A', 'N/A', 'N/A', 'N/A', 'N/A', 'N/A', 'N/A', 'N/A', 'N/A', 'N/A', 'N/A', 'N/A', 'N/A', 'N/A'),
	(17, 'Si', 2, 'nunca', 'casi nunca', 'casi nunca', 'casi nunca', 'casi nunca', 'casi nunca', 'casi nunca', 'rara vez', 'rara vez', 'algunas veces', 'casi siempre', 'casi siempre', 'algunas veces', 'rara vez', 'algunas veces', 'algunas veces', 'algunas veces', 'rara vez', 'rara vez', 'algunas veces', 'casi siempre', 'casi siempre', 'casi siempre', 'rara vez', 'casi nunca', 'rara vez', 'casi nunca', 'casi nunca', 'rara vez', 'casi nunca', 'casi nunca', 'casi nunca', 'casi nunca', 'casi nunca', 'casi nunca', 'algunas veces', 'algunas veces', 'algunas veces', 'algunas veces', 'algunas veces', 'algunas veces', 'algunas veces', 'casi nunca', 'algunas veces', 'rara vez'),
	(18, 'No', 0, 'N/A', 'N/A', 'N/A', 'N/A', 'N/A', 'N/A', 'N/A', 'N/A', 'N/A', 'N/A', 'N/A', 'N/A', 'N/A', 'N/A', 'N/A', 'N/A', 'N/A', 'N/A', 'N/A', 'N/A', 'N/A', 'N/A', 'N/A', 'N/A', 'N/A', 'N/A', 'N/A', 'N/A', 'N/A', 'N/A', 'N/A', 'N/A', 'N/A', 'N/A', 'N/A', 'N/A', 'N/A', 'N/A', 'N/A', 'N/A', 'N/A', 'N/A', 'N/A', 'N/A', 'N/A'),
	(19, 'No', 0, 'N/A', 'N/A', 'N/A', 'N/A', 'N/A', 'N/A', 'N/A', 'N/A', 'N/A', 'N/A', 'N/A', 'N/A', 'N/A', 'N/A', 'N/A', 'N/A', 'N/A', 'N/A', 'N/A', 'N/A', 'N/A', 'N/A', 'N/A', 'N/A', 'N/A', 'N/A', 'N/A', 'N/A', 'N/A', 'N/A', 'N/A', 'N/A', 'N/A', 'N/A', 'N/A', 'N/A', 'N/A', 'N/A', 'N/A', 'N/A', 'N/A', 'N/A', 'N/A', 'N/A', 'N/A'),
	(20, 'No', 0, 'N/A', 'N/A', 'N/A', 'N/A', 'N/A', 'N/A', 'N/A', 'N/A', 'N/A', 'N/A', 'N/A', 'N/A', 'N/A', 'N/A', 'N/A', 'N/A', 'N/A', 'N/A', 'N/A', 'N/A', 'N/A', 'N/A', 'N/A', 'N/A', 'N/A', 'N/A', 'N/A', 'N/A', 'N/A', 'N/A', 'N/A', 'N/A', 'N/A', 'N/A', 'N/A', 'N/A', 'N/A', 'N/A', 'N/A', 'N/A', 'N/A', 'N/A', 'N/A', 'N/A', 'N/A'),
	(21, 'No', 0, 'N/A', 'N/A', 'N/A', 'N/A', 'N/A', 'N/A', 'N/A', 'N/A', 'N/A', 'N/A', 'N/A', 'N/A', 'N/A', 'N/A', 'N/A', 'N/A', 'N/A', 'N/A', 'N/A', 'N/A', 'N/A', 'N/A', 'N/A', 'N/A', 'N/A', 'N/A', 'N/A', 'N/A', 'N/A', 'N/A', 'N/A', 'N/A', 'N/A', 'N/A', 'N/A', 'N/A', 'N/A', 'N/A', 'N/A', 'N/A', 'N/A', 'N/A', 'N/A', 'N/A', 'N/A'),
	(22, 'No', 0, 'N/A', 'N/A', 'N/A', 'N/A', 'N/A', 'N/A', 'N/A', 'N/A', 'N/A', 'N/A', 'N/A', 'N/A', 'N/A', 'N/A', 'N/A', 'N/A', 'N/A', 'N/A', 'N/A', 'N/A', 'N/A', 'N/A', 'N/A', 'N/A', 'N/A', 'N/A', 'N/A', 'N/A', 'N/A', 'N/A', 'N/A', 'N/A', 'N/A', 'N/A', 'N/A', 'N/A', 'N/A', 'N/A', 'N/A', 'N/A', 'N/A', 'N/A', 'N/A', 'N/A', 'N/A'),
	(23, 'No', 0, 'N/A', 'N/A', 'N/A', 'N/A', 'N/A', 'N/A', 'N/A', 'N/A', 'N/A', 'N/A', 'N/A', 'N/A', 'N/A', 'N/A', 'N/A', 'N/A', 'N/A', 'N/A', 'N/A', 'N/A', 'N/A', 'N/A', 'N/A', 'N/A', 'N/A', 'N/A', 'N/A', 'N/A', 'N/A', 'N/A', 'N/A', 'N/A', 'N/A', 'N/A', 'N/A', 'N/A', 'N/A', 'N/A', 'N/A', 'N/A', 'N/A', 'N/A', 'N/A', 'N/A', 'N/A'),
	(24, 'No', 0, 'N/A', 'N/A', 'N/A', 'N/A', 'N/A', 'N/A', 'N/A', 'N/A', 'N/A', 'N/A', 'N/A', 'N/A', 'N/A', 'N/A', 'N/A', 'N/A', 'N/A', 'N/A', 'N/A', 'N/A', 'N/A', 'N/A', 'N/A', 'N/A', 'N/A', 'N/A', 'N/A', 'N/A', 'N/A', 'N/A', 'N/A', 'N/A', 'N/A', 'N/A', 'N/A', 'N/A', 'N/A', 'N/A', 'N/A', 'N/A', 'N/A', 'N/A', 'N/A', 'N/A', 'N/A'),
	(25, 'No', 0, 'N/A', 'N/A', 'N/A', 'N/A', 'N/A', 'N/A', 'N/A', 'N/A', 'N/A', 'N/A', 'N/A', 'N/A', 'N/A', 'N/A', 'N/A', 'N/A', 'N/A', 'N/A', 'N/A', 'N/A', 'N/A', 'N/A', 'N/A', 'N/A', 'N/A', 'N/A', 'N/A', 'N/A', 'N/A', 'N/A', 'N/A', 'N/A', 'N/A', 'N/A', 'N/A', 'N/A', 'N/A', 'N/A', 'N/A', 'N/A', 'N/A', 'N/A', 'N/A', 'N/A', 'N/A'),
	(26, 'No', 0, 'N/A', 'N/A', 'N/A', 'N/A', 'N/A', 'N/A', 'N/A', 'N/A', 'N/A', 'N/A', 'N/A', 'N/A', 'N/A', 'N/A', 'N/A', 'N/A', 'N/A', 'N/A', 'N/A', 'N/A', 'N/A', 'N/A', 'N/A', 'N/A', 'N/A', 'N/A', 'N/A', 'N/A', 'N/A', 'N/A', 'N/A', 'N/A', 'N/A', 'N/A', 'N/A', 'N/A', 'N/A', 'N/A', 'N/A', 'N/A', 'N/A', 'N/A', 'N/A', 'N/A', 'N/A'),
	(27, 'No', 0, 'N/A', 'N/A', 'N/A', 'N/A', 'N/A', 'N/A', 'N/A', 'N/A', 'N/A', 'N/A', 'N/A', 'N/A', 'N/A', 'N/A', 'N/A', 'N/A', 'N/A', 'N/A', 'N/A', 'N/A', 'N/A', 'N/A', 'N/A', 'N/A', 'N/A', 'N/A', 'N/A', 'N/A', 'N/A', 'N/A', 'N/A', 'N/A', 'N/A', 'N/A', 'N/A', 'N/A', 'N/A', 'N/A', 'N/A', 'N/A', 'N/A', 'N/A', 'N/A', 'N/A', 'N/A'),
	(28, 'No', 0, 'N/A', 'N/A', 'N/A', 'N/A', 'N/A', 'N/A', 'N/A', 'N/A', 'N/A', 'N/A', 'N/A', 'N/A', 'N/A', 'N/A', 'N/A', 'N/A', 'N/A', 'N/A', 'N/A', 'N/A', 'N/A', 'N/A', 'N/A', 'N/A', 'N/A', 'N/A', 'N/A', 'N/A', 'N/A', 'N/A', 'N/A', 'N/A', 'N/A', 'N/A', 'N/A', 'N/A', 'N/A', 'N/A', 'N/A', 'N/A', 'N/A', 'N/A', 'N/A', 'N/A', 'N/A'),
	(29, 'No', 0, 'N/A', 'N/A', 'N/A', 'N/A', 'N/A', 'N/A', 'N/A', 'N/A', 'N/A', 'N/A', 'N/A', 'N/A', 'N/A', 'N/A', 'N/A', 'N/A', 'N/A', 'N/A', 'N/A', 'N/A', 'N/A', 'N/A', 'N/A', 'N/A', 'N/A', 'N/A', 'N/A', 'N/A', 'N/A', 'N/A', 'N/A', 'N/A', 'N/A', 'N/A', 'N/A', 'N/A', 'N/A', 'N/A', 'N/A', 'N/A', 'N/A', 'N/A', 'N/A', 'N/A', 'N/A'),
	(30, 'No', 0, 'N/A', 'N/A', 'N/A', 'N/A', 'N/A', 'N/A', 'N/A', 'N/A', 'N/A', 'N/A', 'N/A', 'N/A', 'N/A', 'N/A', 'N/A', 'N/A', 'N/A', 'N/A', 'N/A', 'N/A', 'N/A', 'N/A', 'N/A', 'N/A', 'N/A', 'N/A', 'N/A', 'N/A', 'N/A', 'N/A', 'N/A', 'N/A', 'N/A', 'N/A', 'N/A', 'N/A', 'N/A', 'N/A', 'N/A', 'N/A', 'N/A', 'N/A', 'N/A', 'N/A', 'N/A'),
	(31, 'No', 0, 'N/A', 'N/A', 'N/A', 'N/A', 'N/A', 'N/A', 'N/A', 'N/A', 'N/A', 'N/A', 'N/A', 'N/A', 'N/A', 'N/A', 'N/A', 'N/A', 'N/A', 'N/A', 'N/A', 'N/A', 'N/A', 'N/A', 'N/A', 'N/A', 'N/A', 'N/A', 'N/A', 'N/A', 'N/A', 'N/A', 'N/A', 'N/A', 'N/A', 'N/A', 'N/A', 'N/A', 'N/A', 'N/A', 'N/A', 'N/A', 'N/A', 'N/A', 'N/A', 'N/A', 'N/A');

-- Volcando datos para la tabla pisi.estres_maestros: ~0 rows (aproximadamente)

-- Volcando datos para la tabla pisi.facultad: ~8 rows (aproximadamente)
INSERT IGNORE INTO `facultad` (`id_facultad`, `nombre_facultad`) VALUES
	(1, 'FACULTAD DE DERECHO\r\n'),
	(2, 'FACULTAD DE CIENCIAS DE LA INFORMACIÓN'),
	(3, 'FACULTAD DE CIENCIAS ECONÓMICAS ADMINISTRATIVAS'),
	(4, 'FACULTAD DE INGENIERÍA'),
	(5, 'FACULTAD DE CIENCIAS DE LA SALUD'),
	(6, 'FACULTAD DE CIENCIAS EDUCATIVAS '),
	(7, 'FACULTAD DE CIENCIAS NATURALES Y EXACTAS '),
	(8, 'FACULTAD DE QUÍMICA');

-- Volcando datos para la tabla pisi.historial_alumnos: ~3 rows (aproximadamente)
INSERT IGNORE INTO `historial_alumnos` (`sobrepeso`, `diabetes`, `hipertension`, `trigliceridos`, `colesterol`, `hepatitis`, `higado_graso`, `cardiopatias`, `nefropatias`, `estreñimiento`, `gastritis`, `colitis`, `cancer`, `otros`, `fecha_historial`, `matricula_alum`) VALUES
	('ninguno', 'ninguno', 'ninguno', 'ninguno', 'ninguno', 'ninguno', 'ninguno', 'ninguno', 'ninguno', 'ninguno', 'ninguno', 'ninguno', 'ninguno', 'No', '2025-03-08', 190039),
	('padre', 'ninguno', 'ninguno', 'ninguno', 'ninguno', 'ninguno', 'ninguno', 'madre', 'ninguno', 'ninguno', 'ninguno', 'ninguno', 'ninguno', 'Si', '2025-03-18', 190040),
	('ninguno', 'ninguno', 'ninguno', 'ninguno', 'ninguno', 'ninguno', 'ninguno', 'ninguno', 'ninguno', 'ninguno', 'ninguno', 'ninguno', 'ninguno', 'No', '2025-03-08', 191263);

-- Volcando datos para la tabla pisi.historial_maestros: ~0 rows (aproximadamente)

-- Volcando datos para la tabla pisi.maestros: ~0 rows (aproximadamente)

-- Volcando datos para la tabla pisi.manejo_de_estres: ~9 rows (aproximadamente)
INSERT IGNORE INTO `manejo_de_estres` (`id_manejoestres`, `id_cuestionario`, `p6`, `p11`, `p27`, `p36`, `p40`, `p41`, `p45`, `total_manejoestres`, `saludable_manejo`) VALUES
	(1, 1, 4, 4, 4, 4, 4, 4, 4, 28, 'Saludable'),
	(2, 6, 2, 2, 2, 2, 2, 2, 2, 14, 'No Saludable'),
	(6, 16, 4, 4, 4, 4, 4, 4, 4, 28, 'Saludable'),
	(7, 17, 4, 3, 4, 4, 4, 4, 4, 27, 'Saludable'),
	(8, 18, 2, 1, 1, 2, 2, 1, 1, 10, 'No Saludable'),
	(9, 19, 4, 4, 4, 4, 4, 4, 4, 28, 'Saludable'),
	(10, 20, 4, 4, 4, 4, 4, 4, 4, 28, 'Saludable'),
	(0, 1, 2, 1, 2, 3, 3, 2, 3, 16, 'No Saludable'),
	(0, 2, 2, 4, 4, 3, 3, 3, 3, 22, 'Saludable');

-- Volcando datos para la tabla pisi.nutricion: ~9 rows (aproximadamente)
INSERT IGNORE INTO `nutricion` (`id_nutricion`, `id_cuestionario`, `p1`, `p5`, `p14`, `p19`, `p26`, `p35`, `total_nutricion`, `saludable`) VALUES
	(1, 1, 4, 4, 4, 4, 4, 4, 24, 'Saludable'),
	(6, 6, 1, 2, 2, 2, 2, 2, 11, 'No Saludable'),
	(14, 16, 4, 4, 4, 4, 4, 4, 24, 'Saludable'),
	(15, 17, 4, 4, 4, 4, 4, 4, 24, 'Saludable'),
	(16, 18, 1, 1, 2, 1, 2, 1, 8, 'No Saludable'),
	(17, 19, 4, 4, 4, 4, 4, 4, 24, 'Saludable'),
	(18, 20, 4, 4, 4, 4, 4, 4, 24, 'Saludable'),
	(0, 1, 2, 2, 3, 2, 3, 3, 15, 'No Saludable'),
	(0, 2, 4, 2, 4, 4, 3, 3, 20, 'Saludable');

-- Volcando datos para la tabla pisi.patologias_alumnos: ~7 rows (aproximadamente)
INSERT IGNORE INTO `patologias_alumnos` (`idpatologias_personal`, `enfermedad`, `tratamiento`, `fecha`, `matricula_alum`) VALUES
	(1, 'otraenfermedad', 'ninguna', '2025-03-08', 191263),
	(2, 'Otra', 'asdasd', '2025-03-08', 191263),
	(3, 'Colitis', 'asdasdasdasd', '2025-03-08', 191263),
	(4, 'Estreñimiento', 'zxczxc', '2025-03-08', 191263),
	(5, 'Otra', 'vxcv', '2025-03-08', 190039),
	(6, 'Otra', '', '2025-03-08', 190039),
	(7, 'Sobrepreso-obesidad', 'Tomar mucha agua', '2025-03-18', 190040);

-- Volcando datos para la tabla pisi.patologias_maestros: ~0 rows (aproximadamente)

-- Volcando datos para la tabla pisi.registro_ingresos: ~34 rows (aproximadamente)
INSERT IGNORE INTO `registro_ingresos` (`id`, `usuario`, `nombre_completo`, `rol`, `fecha_ingreso`, `fecha_salida`) VALUES
	(1, '190039', 'Brando del jesus', 'Administrador', '2025-04-27 09:04:38', '2025-04-27 09:06:42'),
	(2, '190039', 'Brando del jesus', 'Administrador', '2025-04-27 09:09:34', '2025-04-27 09:09:41'),
	(3, '190039', 'Brando del jesus', 'Administrador', '2025-04-27 09:13:07', '2025-04-27 09:13:13'),
	(4, '190039', 'Brando del jesus', 'Administrador', '2025-04-27 09:14:39', '2025-04-27 09:21:07'),
	(5, '190039', 'Brando del jesus', 'Administrador', '2025-04-28 07:54:46', '2025-04-28 08:03:23'),
	(6, '190039', 'Brando del jesus', 'Administrador', '2025-04-28 08:03:27', '2025-04-29 08:17:06'),
	(7, '190039', 'Brando del jesus', 'Administrador', '2025-04-28 08:04:05', '2025-04-28 08:09:13'),
	(8, '190039', 'Brando del jesus', 'Administrador', '2025-04-29 08:17:12', NULL),
	(9, '190039', 'Brando del jesus', 'Administrador', '2025-05-06 19:13:54', '2025-05-06 19:17:13'),
	(10, '190039', 'Brando del jesus', 'Administrador', '2025-05-31 03:13:03', '2025-05-31 05:22:51'),
	(11, '190039', 'Brando del jesus', 'Administrador', '2025-05-31 07:22:21', '2025-05-31 07:35:55'),
	(12, '190039', 'Brando del jesus', 'Administrador', '2025-05-31 07:36:00', '2025-05-31 08:24:22'),
	(13, '190039', 'Brando del jesus', 'Administrador', '2025-06-01 05:02:28', '2025-06-01 05:03:25'),
	(14, '190039', 'Brando del jesus', 'Administrador', '2025-06-02 03:08:48', '2025-06-02 03:42:14'),
	(15, '190039', 'Brando del jesus', 'Administrador', '2025-06-02 03:42:25', '2025-06-02 03:42:30'),
	(16, '190039', 'Brando del jesus', 'Administrador', '2025-06-02 04:57:37', NULL),
	(17, '190039', 'Brando del jesus', 'Administrador', '2025-06-03 02:45:04', '2025-06-03 08:02:54'),
	(18, '190039', 'Brando del jesus', 'Administrador', '2025-06-03 22:41:38', '2025-06-03 22:57:23'),
	(19, '190039', 'Brando del jesus', 'Administrador', '2025-06-03 22:57:29', '2025-06-03 23:03:23'),
	(20, '190039', 'Brando del jesus', 'Administrador', '2025-06-03 23:03:28', '2025-06-04 00:06:39'),
	(21, '190039', 'Brando del jesus', 'Administrador', '2025-06-03 23:04:17', NULL),
	(22, '190039', 'Brando del jesus', 'Administrador', '2025-06-04 01:58:02', NULL),
	(23, '190039', 'Brando del jesus', 'Administrador', '2025-06-04 08:26:42', '2025-06-04 08:27:21'),
	(24, '190039', 'Brando del jesus', 'Administrador', '2025-06-04 16:13:07', '2025-06-04 16:14:49'),
	(25, '190039', 'Brando del jesus', 'Administrador', '2025-06-04 17:15:17', '2025-06-04 17:15:59'),
	(26, '190039', 'Brando del jesus', 'Administrador', '2025-06-04 18:09:07', NULL),
	(0, '190039', 'Brando del jesus', 'Administrador', '2025-09-24 04:59:14', '2025-09-24 23:41:28'),
	(0, '190039', 'Brando del jesus', 'Administrador', '2025-09-24 05:01:13', '2025-09-24 23:41:28'),
	(0, '190039', 'Brando del jesus', 'Administrador', '2025-09-24 21:49:41', '2025-09-24 23:41:28'),
	(0, '190039', 'Brando del jesus', 'Administrador', '2025-09-24 21:50:56', '2025-09-24 23:41:28'),
	(0, '190039', 'Brando del jesus', 'Administrador', '2025-09-24 22:54:35', '2025-09-24 23:41:28'),
	(0, '190039', 'Brando del jesus', 'Administrador', '2025-09-24 23:00:52', '2025-09-24 23:41:28'),
	(0, '190039', 'Brando del jesus', 'Administrador', '2025-09-24 23:21:20', '2025-09-24 23:41:28'),
	(0, '190039', 'Brando del jesus', 'Administrador', '2025-09-24 23:37:41', '2025-09-24 23:41:28');

-- Volcando datos para la tabla pisi.salud: ~9 rows (aproximadamente)
INSERT IGNORE INTO `salud` (`id_salud`, `id_cuestionario`, `p2`, `p7`, `p15`, `p20`, `p28`, `p32`, `p33`, `p42`, `p43`, `p46`, `total_salud`, `saludable_salud`) VALUES
	(1, 1, 4, 4, 4, 4, 4, 4, 4, 4, 4, 4, 40, 'Saludable'),
	(6, 6, 2, 2, 2, 2, 2, 2, 2, 2, 2, 2, 20, 'No Saludable'),
	(12, 16, 4, 4, 4, 4, 4, 4, 4, 4, 4, 4, 40, 'Saludable'),
	(13, 17, 4, 4, 4, 4, 4, 4, 4, 4, 4, 4, 40, 'Saludable'),
	(14, 18, 2, 1, 1, 2, 2, 2, 1, 2, 1, 2, 16, 'No Saludable'),
	(15, 19, 4, 4, 4, 4, 4, 4, 4, 4, 4, 4, 40, 'Saludable'),
	(16, 20, 4, 4, 4, 4, 4, 4, 4, 4, 4, 4, 40, 'Saludable'),
	(0, 1, 3, 1, 3, 3, 3, 3, 3, 1, 2, 2, 24, 'No Saludable'),
	(0, 2, 2, 3, 4, 3, 3, 4, 3, 3, 4, 3, 32, 'Saludable');

-- Volcando datos para la tabla pisi.soporte_interpersonal: ~9 rows (aproximadamente)
INSERT IGNORE INTO `soporte_interpersonal` (`id_soporte_interpersonal`, `id_cuestionario`, `p10`, `p18`, `p24`, `p25`, `p31`, `p39`, `p47`, `total_soporte`, `saludable_soporte`) VALUES
	(1, 1, 4, 4, 4, 4, 4, 4, 4, 28, 'Saludable'),
	(2, 6, 2, 2, 2, 2, 2, 2, 2, 14, 'No Saludable'),
	(7, 16, 4, 4, 4, 4, 4, 4, 4, 28, 'Saludable'),
	(8, 17, 4, 4, 4, 4, 4, 4, 4, 28, 'Saludable'),
	(9, 18, 2, 2, 2, 1, 1, 1, 1, 10, 'No Saludable'),
	(10, 19, 4, 4, 4, 4, 4, 4, 4, 28, 'Saludable'),
	(11, 20, 4, 4, 4, 4, 4, 4, 4, 28, 'Saludable'),
	(0, 1, 1, 2, 3, 2, 4, 3, 1, 16, 'No Saludable'),
	(0, 2, 4, 3, 3, 3, 4, 3, 3, 23, 'Saludable');

/*!40103 SET TIME_ZONE=IFNULL(@OLD_TIME_ZONE, 'system') */;
/*!40101 SET SQL_MODE=IFNULL(@OLD_SQL_MODE, '') */;
/*!40014 SET FOREIGN_KEY_CHECKS=IFNULL(@OLD_FOREIGN_KEY_CHECKS, 1) */;
/*!40101 SET CHARACTER_SET_CLIENT=@OLD_CHARACTER_SET_CLIENT */;
/*!40111 SET SQL_NOTES=IFNULL(@OLD_SQL_NOTES, 1) */;
